threads,runtime,loss,throughput
1,0.6936,13.626,14417.53171856978
2,0.3887,13.626,25726.78157962439
4,0.2488,13.626,40192.92604501608
8,0.2181,13.626,45850.52728106373
16,0.2076,13.626,48169.55684007707
32,0.1897,13.626,52714.812862414336
64,0.1882,13.626,53134.96280552603
128,0.1847,13.626,54141.85165132648
