threads,runtime,loss,throughput
1,254.5594,87.8402,1571.3424843081812
2,157.1065,87.8402,2546.043607361885
4,108.1897,87.8402,3697.209623466929
8,83.204,87.8402,4807.461179750974
16,70.6105,87.8402,5664.879869141275
32,63.4766,87.8402,6301.534738785632
64,61.9891,87.8402,6452.747337838427
128,61.5178,87.8402,6502.183107978503
