threads,runtime,loss,throughput
1,252.956,87.8402,1581.3026771454324
2,160.3805,87.8402,2494.0687926524733
4,113.2276,87.8402,3532.7075730652246
8,83.5354,87.8402,4788.389114076188
16,73.5444,87.8402,5438.891336389991
32,63.883,87.8402,6261.446707261713
64,64.7112,87.8402,6181.310190507979
128,70.7055,87.8402,5657.26852932233
