threads,runtime,loss,throughput
1,53.3342,89.6082,7499.878126980436
2,32.1791,89.6082,12430.428445792457
4,21.7831,89.6082,18362.859280818615
8,16.9581,89.6082,23587.548133340406
16,14.7385,89.6082,27139.803914916716
32,13.1992,89.6082,30304.86696163404
64,12.4522,89.6082,32122.8377314852
128,12.3977,89.6082,32264.048976826347
