threads,runtime,loss,throughput
1,1.6395,6.677,243976.8222018908
2,1.8529,10.0988,215877.8131577527
4,2.2218,14.8008,180034.20649923486
8,2.8701,21.4826,139367.96627295218
16,4.441,30.755,90069.80409817609
32,7.759,43.7085,51553.035184946515
64,29.0248,61.9939,13781.318045257849
128,61.683,87.8402,6484.76889904836
